<modification>
   <name><![CDATA[Payment Bank Transfer]]></name>
   <code>PaymentBankTransfer</code>
    <version>3.0</version>
    <link>http://www.hpwebdesign.id</link>
    <author><![CDATA[HP Web Design]]></author>
  
<file path="catalog/view/theme/*/template/checkout/payment_method.twig">
    <operation error="skip">
			<search trim="true"><![CDATA[{{ payment_method.title }}]]></search>
			<add position="before">
			  <![CDATA[
        {% if payment_method.image %}
            <img src="catalog/view/theme/default/image/payment/{{ payment_method.image }}.jpg" height="29"/>
      {% endif %}
			  ]]></add>
		</operation>
  </file>
</modification>
