<modification>
   <name><![CDATA[Bank Transfer BRI]]></name>
   <code>PaymentBankTransferBRI</code>
    <version>1.0</version>
    <link>http://www.pondokit.com</link>
    <author>Pondok IT</author>
  
<file path="catalog/view/theme/*/template/checkout/payment_method.twig">
    <operation error="skip">
			<search trim="true"><![CDATA[{{ payment_method.title }}]]></search>
			<add position="before">
			  <![CDATA[
        {% if payment_method.image %}
            <img src="catalog/view/theme/default/image/payment/{{ payment_method.image }}.jpg" height="29"/>
      {% endif %}
			  ]]></add>
		</operation>
  </file>
</modification>
